Workbook

Sheet Kalkulator
A1: Kalkulator Lama Produksi Sekop
A2: Isi sel berwarna kuning, sel lain terhitung otomatis. Klik sel abu-abu untuk melihat rumusnya di formula bar, atau baca kolom Rumus Excel dan Artinya. 1 dz = 12 pcs.
A4: Isian dan hasil | B4: Nilai | C4: Satuan | D4: Rumus Excel | E4: Artinya
A5: Pesanan yang harus diproduksi
A6: Papak Crocodille | B6: 250 | C6: dz | E6: Isi jumlah pesanan atau kekurangan stok jenis sekop ini.
A7: Lancip Crocodille | B7: 125 | C7: dz | E7: Isi jumlah pesanan atau kekurangan stok jenis sekop ini.
A8: Papak Rees Q | B8: 375 | C8: dz | E8: Isi jumlah pesanan atau kekurangan stok jenis sekop ini.
A9: Lancip Rees Q | B9: 250 | C9: dz | E9: Isi jumlah pesanan atau kekurangan stok jenis sekop ini.
A10: Total pesanan | B10: =SUM(B6:B9) -> 1000 | C10: dz | D10: =_xlfn.FORMULATEXT(B10) -> =SUM(B6:B9) | E10: Jumlah semua jenis sekop.
A11: Total pesanan dalam pcs | B11: =B10*12 -> 12000 | C11: pcs | D11: =_xlfn.FORMULATEXT(B11) -> =B10*12 | E11: Total dz dikali 12, karena 1 dz = 12 pcs.
A13: Bahan baku dan tanggal
A14: Bahan baku sudah tersedia semua? | B14: Tidak | E14: Pilih Ya kalau semua bahan sudah ada di gudang, Tidak kalau ada yang harus dibeli.
A15: Lama beli bahan bila ada yang kurang | B15: 14 | C15: hari | E15: Lama bahan paling lama datang setelah dipesan.
A16: Tanggal mulai perencanaan | B16: =DATE(2026,10,15) -> 46310 | E16: Ganti dengan tanggal yang diinginkan.
A18: Kapasitas per hari (boleh diubah)
A19: Cetak kepala papak | B19: 1200 | C19: pcs/hari | E19: Kapasitas tahap ini per hari kerja.
A20: Cetak kepala lancip | B20: 1200 | C20: pcs/hari | E20: Kapasitas tahap ini per hari kerja.
A21: Handle | B21: 1200 | C21: pcs/hari | E21: Kapasitas tahap ini per hari kerja.
A22: Coating (gabungan semua jenis) | B22: 780 | C22: pcs/hari | E22: Kapasitas tahap ini per hari kerja.
A23: Rakit + kemas | B23: 80 | C23: dz/hari | E23: Kapasitas tahap ini per hari kerja.
A25: Hasil
A26: Kepala papak yang dicetak | B26: =(B6+B8)*12 -> 7500 | C26: pcs | D26: =_xlfn.FORMULATEXT(B26) -> =(B6+B8)*12 | E26: (Papak Crocodille + Papak Rees Q) dikali 12.
A27: Kepala lancip yang dicetak | B27: =(B7+B9)*12 -> 4500 | C27: pcs | D27: =_xlfn.FORMULATEXT(B27) -> =(B7+B9)*12 | E27: (Lancip Crocodille + Lancip Rees Q) dikali 12.
A28: Handle yang dibuat | B28: =B11 -> 12000 | C28: pcs | D28: =_xlfn.FORMULATEXT(B28) -> =B11 | E28: Satu sekop butuh satu handle, jadi sama dengan total pcs.
A29: Coating mulai hari ke- | B29: =IF(B11>=B22,1,2) -> 1 | D29: =_xlfn.FORMULATEXT(B29) -> =IF(B11>=B22,1,2) | E29: Hari 1 kalau total kepala sudah mencapai kapasitas coating (780 pcs). Kalau belum, mulai hari 2.
A30: Hari cetak terlama | B30: =MAX(ROUNDUP(B26/B19,0),ROUNDUP(B27/B20,0),ROUNDUP(B28/B21,0)) -> 10 | C30: hari | D30: =_xlfn.FORMULATEXT(B30) -> =MAX(ROUNDUP(B26/B19,0),ROUNDUP(B27/B20,0),ROUNDUP(B28/B21,0)) | E30: Yang paling lama dari cetak papak, cetak lancip, dan handle. Masing-masing = jumlah : kapasitas, dibulatkan ke atas.
A31: Hari coating | B31: =ROUNDUP(B11/B22,0) -> 16 | C31: hari | D31: =_xlfn.FORMULATEXT(B31) -> =ROUNDUP(B11/B22,0) | E31: Total pcs dibagi kapasitas coating, dibulatkan ke atas.
A32: Hari rakit + kemas | B32: =ROUNDUP(B10/B23,0) -> 13 | C32: hari | D32: =_xlfn.FORMULATEXT(B32) -> =ROUNDUP(B10/B23,0) | E32: Total dz dibagi kapasitas rakit + kemas, dibulatkan ke atas.
A33: Lama produksi (rumus singkat) | B33: =B29+MAX(B30:B32) -> 17 | C33: hari kerja | D33: =_xlfn.FORMULATEXT(B33) -> =B29+MAX(B30:B32) | E33: Hari mulai coating + jumlah hari tahap paling lama (biasanya coating).
A34: Lama produksi (dari tabel per hari) | B34: =COUNTIF('Hari per Hari'!H5:H124,"<"&B11)+1 -> 17 | C34: hari kerja | D34: =_xlfn.FORMULATEXT(B34) -> =COUNTIF($'Hari per Hari'.H5:H124,"<"&B11)+1 | E34: Hari pertama di sheet Hari per Hari ketika semua sekop sudah dirakit dan dikemas. Harus sama dengan baris di atasnya.
A35: Lama beli bahan | B35: =IF(B14="Ya",0,B15) -> 14 | C35: hari | D35: =_xlfn.FORMULATEXT(B35) -> =IF(B14="Ya",0,B15) | E35: Nol kalau bahan sudah tersedia. Kalau belum, pakai lama beli bahan.
A36: Lama total | B36: =B35+B34 -> 31 | C36: hari | D36: =_xlfn.FORMULATEXT(B36) -> =B35+B34 | E36: Lama beli bahan + lama produksi.
A37: Bahan siap tanggal | B37: =B16+B35 -> 46324 | D37: =_xlfn.FORMULATEXT(B37) -> =B16+B35 | E37: Tanggal mulai + lama beli bahan (hari kalender).
A38: Mulai produksi tanggal | B38: =WORKDAY(B37-1,1) -> 46324 | D38: =_xlfn.FORMULATEXT(B38) -> =WORKDAY(B37-1,1) | E38: Hari kerja pertama (Senin sampai Jumat) mulai tanggal bahan siap.
A39: Selesai dikemas tanggal | B39: =WORKDAY(B38,B34-1) -> 46346 | D39: =_xlfn.FORMULATEXT(B39) -> =WORKDAY(B38,B34-1) | E39: Dihitung dari tanggal mulai produksi sebanyak lama produksi, hanya hari kerja.

Sheet Hari per Hari
A1: Rincian hari per hari (terhitung otomatis dari sheet Kalkulator)
A3: Hari ke | B3: Cetak papak kumulatif | C3: Cetak lancip kumulatif | D3: Handle kumulatif | E3: Kepala kumulatif | F3: Coating kumulatif | G3: Coating hari ini (pcs) | H3: Rakit kumulatif (pcs) | I3: Rakit + kemas hari ini (dz) | J3: Cetak kepala hari ini (pcs) | K3: Handle hari ini (pcs) | L3: Sisa belum jadi (dz)
A4: Urutan hari kerja produksi. | B4: Yang lebih kecil dari: total kepala papak, atau kapasitas x hari. | C4: Yang lebih kecil dari: total kepala lancip, atau kapasitas x hari. | D4: Yang lebih kecil dari: total handle, atau kapasitas x hari. | E4: Cetak papak + cetak lancip sampai hari ini. | F4: Nol sebelum hari mulai coating. Setelahnya: yang terkecil dari total, kapasitas coating x hari berjalan, dan kepala yang sudah dicetak (hari ini bila mulai hari 1, kemarin bila mulai hari 2). | G4: Coating kumulatif hari ini dikurangi kemarin. | H4: Mulai sehari setelah coating. Yang terkecil dari total, kapasitas rakit x hari berjalan, hasil coating kemarin, dan handle kemarin. | I4: Rakit kumulatif hari ini dikurangi kemarin, dibagi 12. | J4: Kepala kumulatif hari ini dikurangi kemarin. | K4: Handle kumulatif hari ini dikurangi kemarin. | L4: (Total pcs dikurangi rakit kumulatif) dibagi 12.
A5: 1 | B5: =MIN(Kalkulator!$B$26,Kalkulator!$B$19*A5) -> 1200 | C5: =MIN(Kalkulator!$B$27,Kalkulator!$B$20*A5) -> 1200 | D5: =MIN(Kalkulator!$B$28,Kalkulator!$B$21*A5) -> 1200 | E5: =B5+C5 -> 2400 | F5: =IF(A5<Kalkulator!$B$29,0,MIN(Kalkulator!$B$11,Kalkulator!$B$22*(A5-Kalkulator!$B$29+1),IF(Kalkulator!$B$29=1,E5,0))) -> 780 | G5: =F5-0 -> 780 | H5: =IF(A5<=Kalkulator!$B$29,0,MIN(Kalkulator!$B$11,Kalkulator!$B$23*12*(A5-Kalkulator!$B$29),0,0)) -> 0 | I5: =(H5-0)/12 -> 0 | J5: =E5-0 -> 2400 | K5: =D5-0 -> 1200 | L5: =(Kalkulator!$B$11-H5)/12 -> 1000
A6: 2 | B6: =MIN(Kalkulator!$B$26,Kalkulator!$B$19*A6) -> 2400 | C6: =MIN(Kalkulator!$B$27,Kalkulator!$B$20*A6) -> 2400 | D6: =MIN(Kalkulator!$B$28,Kalkulator!$B$21*A6) -> 2400 | E6: =B6+C6 -> 4800 | F6: =IF(A6<Kalkulator!$B$29,0,MIN(Kalkulator!$B$11,Kalkulator!$B$22*(A6-Kalkulator!$B$29+1),IF(Kalkulator!$B$29=1,E6,E5))) -> 1560 | G6: =F6-F5 -> 780 | H6: =IF(A6<=Kalkulator!$B$29,0,MIN(Kalkulator!$B$11,Kalkulator!$B$23*12*(A6-Kalkulator!$B$29),F5,D5)) -> 780 | I6: =(H6-H5)/12 -> 65 | J6: =E6-E5 -> 2400 | K6: =D6-D5 -> 1200 | L6: =(Kalkulator!$B$11-H6)/12 -> 935
A7: 3 | B7: =MIN(Kalkulator!$B$26,Kalkulator!$B$19*A7) -> 3600 | C7: =MIN(Kalkulator!$B$27,Kalkulator!$B$20*A7) -> 3600 | D7: =MIN(Kalkulator!$B$28,Kalkulator!$B$21*A7) -> 3600 | E7: =B7+C7 -> 7200 | F7: =IF(A7<Kalkulator!$B$29,0,MIN(Kalkulator!$B$11,Kalkulator!$B$22*(A7-Kalkulator!$B$29+1),IF(Kalkulator!$B$29=1,E7,E6))) -> 2340 | G7: =F7-F6 -> 780 | H7: =IF(A7<=Kalkulator!$B$29,0,MIN(Kalkulator!$B$11,Kalkulator!$B$23*12*(A7-Kalkulator!$B$29),F6,D6)) -> 1560 | I7: =(H7-H6)/12 -> 65 | J7: =E7-E6 -> 2400 | K7: =D7-D6 -> 1200 | L7: =(Kalkulator!$B$11-H7)/12 -> 870
A8: 4 | B8: =MIN(Kalkulator!$B$26,Kalkulator!$B$19*A8) -> 4800 | C8: =MIN(Kalkulator!$B$27,Kalkulator!$B$20*A8) -> 4500 | D8: =MIN(Kalkulator!$B$28,Kalkulator!$B$21*A8) -> 4800 | E8: =B8+C8 -> 9300 | F8: =IF(A8<Kalkulator!$B$29,0,MIN(Kalkulator!$B$11,Kalkulator!$B$22*(A8-Kalkulator!$B$29+1),IF(Kalkulator!$B$29=1,E8,E7))) -> 3120 | G8: =F8-F7 -> 780 | H8: =IF(A8<=Kalkulator!$B$29,0,MIN(Kalkulator!$B$11,Kalkulator!$B$23*12*(A8-Kalkulator!$B$29),F7,D7)) -> 2340 | I8: =(H8-H7)/12 -> 65 | J8: =E8-E7 -> 2100 | K8: =D8-D7 -> 1200 | L8: =(Kalkulator!$B$11-H8)/12 -> 805
A9: 5 | B9: =MIN(Kalkulator!$B$26,Kalkulator!$B$19*A9) -> 6000 | C9: =MIN(Kalkulator!$B$27,Kalkulator!$B$20*A9) -> 4500 | D9: =MIN(Kalkulator!$B$28,Kalkulator!$B$21*A9) -> 6000 | E9: =B9+C9 -> 10500 | F9: =IF(A9<Kalkulator!$B$29,0,MIN(Kalkulator!$B$11,Kalkulator!$B$22*(A9-Kalkulator!$B$29+1),IF(Kalkulator!$B$29=1,E9,E8))) -> 3900 | G9: =F9-F8 -> 780 | H9: =IF(A9<=Kalkulator!$B$29,0,MIN(Kalkulator!$B$11,Kalkulator!$B$23*12*(A9-Kalkulator!$B$29),F8,D8)) -> 3120 | I9: =(H9-H8)/12 -> 65 | J9: =E9-E8 -> 1200 | K9: =D9-D8 -> 1200 | L9: =(Kalkulator!$B$11-H9)/12 -> 740
A10: 6 | B10: =MIN(Kalkulator!$B$26,Kalkulator!$B$19*A10) -> 7200 | C10: =MIN(Kalkulator!$B$27,Kalkulator!$B$20*A10) -> 4500 | D10: =MIN(Kalkulator!$B$28,Kalkulator!$B$21*A10) -> 7200 | E10: =B10+C10 -> 11700 | F10: =IF(A10<Kalkulator!$B$29,0,MIN(Kalkulator!$B$11,Kalkulator!$B$22*(A10-Kalkulator!$B$29+1),IF(Kalkulator!$B$29=1,E10,E9))) -> 4680 | G10: =F10-F9 -> 780 | H10: =IF(A10<=Kalkulator!$B$29,0,MIN(Kalkulator!$B$11,Kalkulator!$B$23*12*(A10-Kalkulator!$B$29),F9,D9)) -> 3900 | I10: =(H10-H9)/12 -> 65 | J10: =E10-E9 -> 1200 | K10: =D10-D9 -> 1200 | L10: =(Kalkulator!$B$11-H10)/12 -> 675
A11: 7 | B11: =MIN(Kalkulator!$B$26,Kalkulator!$B$19*A11) -> 7500 | C11: =MIN(Kalkulator!$B$27,Kalkulator!$B$20*A11) -> 4500 | D11: =MIN(Kalkulator!$B$28,Kalkulator!$B$21*A11) -> 8400 | E11: =B11+C11 -> 12000 | F11: =IF(A11<Kalkulator!$B$29,0,MIN(Kalkulator!$B$11,Kalkulator!$B$22*(A11-Kalkulator!$B$29+1),IF(Kalkulator!$B$29=1,E11,E10))) -> 5460 | G11: =F11-F10 -> 780 | H11: =IF(A11<=Kalkulator!$B$29,0,MIN(Kalkulator!$B$11,Kalkulator!$B$23*12*(A11-Kalkulator!$B$29),F10,D10)) -> 4680 | I11: =(H11-H10)/12 -> 65 | J11: =E11-E10 -> 300 | K11: =D11-D10 -> 1200 | L11: =(Kalkulator!$B$11-H11)/12 -> 610
A12: 8 | B12: =MIN(Kalkulator!$B$26,Kalkulator!$B$19*A12) -> 7500 | C12: =MIN(Kalkulator!$B$27,Kalkulator!$B$20*A12) -> 4500 | D12: =MIN(Kalkulator!$B$28,Kalkulator!$B$21*A12) -> 9600 | E12: =B12+C12 -> 12000 | F12: =IF(A12<Kalkulator!$B$29,0,MIN(Kalkulator!$B$11,Kalkulator!$B$22*(A12-Kalkulator!$B$29+1),IF(Kalkulator!$B$29=1,E12,E11))) -> 6240 | G12: =F12-F11 -> 780 | H12: =IF(A12<=Kalkulator!$B$29,0,MIN(Kalkulator!$B$11,Kalkulator!$B$23*12*(A12-Kalkulator!$B$29),F11,D11)) -> 5460 | I12: =(H12-H11)/12 -> 65 | J12: =E12-E11 -> 0 | K12: =D12-D11 -> 1200 | L12: =(Kalkulator!$B$11-H12)/12 -> 545
A13: 9 | B13: =MIN(Kalkulator!$B$26,Kalkulator!$B$19*A13) -> 7500 | C13: =MIN(Kalkulator!$B$27,Kalkulator!$B$20*A13) -> 4500 | D13: =MIN(Kalkulator!$B$28,Kalkulator!$B$21*A13) -> 10800 | E13: =B13+C13 -> 12000 | F13: =IF(A13<Kalkulator!$B$29,0,MIN(Kalkulator!$B$11,Kalkulator!$B$22*(A13-Kalkulator!$B$29+1),IF(Kalkulator!$B$29=1,E13,E12))) -> 7020 | G13: =F13-F12 -> 780 | H13: =IF(A13<=Kalkulator!$B$29,0,MIN(Kalkulator!$B$11,Kalkulator!$B$23*12*(A13-Kalkulator!$B$29),F12,D12)) -> 6240 | I13: =(H13-H12)/12 -> 65 | J13: =E13-E12 -> 0 | K13: =D13-D12 -> 1200 | L13: =(Kalkulator!$B$11-H13)/12 -> 480
A14: 10 | B14: =MIN(Kalkulator!$B$26,Kalkulator!$B$19*A14) -> 7500 | C14: =MIN(Kalkulator!$B$27,Kalkulator!$B$20*A14) -> 4500 | D14: =MIN(Kalkulator!$B$28,Kalkulator!$B$21*A14) -> 12000 | E14: =B14+C14 -> 12000 | F14: =IF(A14<Kalkulator!$B$29,0,MIN(Kalkulator!$B$11,Kalkulator!$B$22*(A14-Kalkulator!$B$29+1),IF(Kalkulator!$B$29=1,E14,E13))) -> 7800 | G14: =F14-F13 -> 780 | H14: =IF(A14<=Kalkulator!$B$29,0,MIN(Kalkulator!$B$11,Kalkulator!$B$23*12*(A14-Kalkulator!$B$29),F13,D13)) -> 7020 | I14: =(H14-H13)/12 -> 65 | J14: =E14-E13 -> 0 | K14: =D14-D13 -> 1200 | L14: =(Kalkulator!$B$11-H14)/12 -> 415
A15: 11 | B15: =MIN(Kalkulator!$B$26,Kalkulator!$B$19*A15) -> 7500 | C15: =MIN(Kalkulator!$B$27,Kalkulator!$B$20*A15) -> 4500 | D15: =MIN(Kalkulator!$B$28,Kalkulator!$B$21*A15) -> 12000 | E15: =B15+C15 -> 12000 | F15: =IF(A15<Kalkulator!$B$29,0,MIN(Kalkulator!$B$11,Kalkulator!$B$22*(A15-Kalkulator!$B$29+1),IF(Kalkulator!$B$29=1,E15,E14))) -> 8580 | G15: =F15-F14 -> 780 | H15: =IF(A15<=Kalkulator!$B$29,0,MIN(Kalkulator!$B$11,Kalkulator!$B$23*12*(A15-Kalkulator!$B$29),F14,D14)) -> 7800 | I15: =(H15-H14)/12 -> 65 | J15: =E15-E14 -> 0 | K15: =D15-D14 -> 0 | L15: =(Kalkulator!$B$11-H15)/12 -> 350
A16: 12 | B16: =MIN(Kalkulator!$B$26,Kalkulator!$B$19*A16) -> 7500 | C16: =MIN(Kalkulator!$B$27,Kalkulator!$B$20*A16) -> 4500 | D16: =MIN(Kalkulator!$B$28,Kalkulator!$B$21*A16) -> 12000 | E16: =B16+C16 -> 12000 | F16: =IF(A16<Kalkulator!$B$29,0,MIN(Kalkulator!$B$11,Kalkulator!$B$22*(A16-Kalkulator!$B$29+1),IF(Kalkulator!$B$29=1,E16,E15))) -> 9360 | G16: =F16-F15 -> 780 | H16: =IF(A16<=Kalkulator!$B$29,0,MIN(Kalkulator!$B$11,Kalkulator!$B$23*12*(A16-Kalkulator!$B$29),F15,D15)) -> 8580 | I16: =(H16-H15)/12 -> 65 | J16: =E16-E15 -> 0 | K16: =D16-D15 -> 0 | L16: =(Kalkulator!$B$11-H16)/12 -> 285
A17: 13 | B17: =MIN(Kalkulator!$B$26,Kalkulator!$B$19*A17) -> 7500 | C17: =MIN(Kalkulator!$B$27,Kalkulator!$B$20*A17) -> 4500 | D17: =MIN(Kalkulator!$B$28,Kalkulator!$B$21*A17) -> 12000 | E17: =B17+C17 -> 12000 | F17: =IF(A17<Kalkulator!$B$29,0,MIN(Kalkulator!$B$11,Kalkulator!$B$22*(A17-Kalkulator!$B$29+1),IF(Kalkulator!$B$29=1,E17,E16))) -> 10140 | G17: =F17-F16 -> 780 | H17: =IF(A17<=Kalkulator!$B$29,0,MIN(Kalkulator!$B$11,Kalkulator!$B$23*12*(A17-Kalkulator!$B$29),F16,D16)) -> 9360 | I17: =(H17-H16)/12 -> 65 | J17: =E17-E16 -> 0 | K17: =D17-D16 -> 0 | L17: =(Kalkulator!$B$11-H17)/12 -> 220
... A124: 120 | B124: =MIN(Kalkulator!$B$26,Kalkulator!$B$19*A124) -> 7500 | C124: =MIN(Kalkulator!$B$27,Kalkulator!$B$20*A124) -> 4500 | D124: =MIN(Kalkulator!$B$28,Kalkulator!$B$21*A124) -> 12000 | E124: =B124+C124 -> 12000 | F124: =IF(A124<Kalkulator!$B$29,0,MIN(Kalkulator!$B$11,Kalkulator!$B$22*(A124-Kalkulator!$B$29+1),IF(Kalkulator!$B$29=1,E124,E123))) -> 12000 | G124: =F124-F123 -> 0 | H124: =IF(A124<=Kalkulator!$B$29,0,MIN(Kalkulator!$B$11,Kalkulator!$B$23*12*(A124-Kalkulator!$B$29),F123,D123)) -> 12000 | I124: =(H124-H123)/12 -> 0 | J124: =E124-E123 -> 0 | K124: =D124-D123 -> 0 | L124: =(Kalkulator!$B$11-H124)/12 -> 0

Sheet Grafik Harian
A1: Grafik per hari (40 hari pertama). Kotak berwarna = tahap itu bekerja hari itu, angkanya jumlah yang dikerjakan.
A3: Tahap \ Hari ke- | B3: 1 | C3: 2 | D3: 3 | E3: 4 | F3: 5 | G3: 6 | H3: 7 | I3: 8 | J3: 9 | K3: 10 | L3: 11 | M3: 12 | N3: 13 | O3: 14 | P3: 15 | Q3: 16 | R3: 17 | S3: 18 | T3: 19 | U3: 20 | V3: 21 | W3: 22 | X3: 23 | Y3: 24 | Z3: 25 | AA3: 26 | AB3: 27 | AC3: 28 | AD3: 29 | AE3: 30 | AF3: 31 | AG3: 32 | AH3: 33 | AI3: 34 | AJ3: 35 | AK3: 36 | AL3: 37 | AM3: 38 | AN3: 39 | AO3: 40
A4: Cetak kepala (pcs) | B4: =IF('Hari per Hari'!J5>0,'Hari per Hari'!J5,"") -> 2400 | C4: =IF('Hari per Hari'!J6>0,'Hari per Hari'!J6,"") -> 2400 | D4: =IF('Hari per Hari'!J7>0,'Hari per Hari'!J7,"") -> 2400 | E4: =IF('Hari per Hari'!J8>0,'Hari per Hari'!J8,"") -> 2100 | F4: =IF('Hari per Hari'!J9>0,'Hari per Hari'!J9,"") -> 1200 | G4: =IF('Hari per Hari'!J10>0,'Hari per Hari'!J10,"") -> 1200 | H4: =IF('Hari per Hari'!J11>0,'Hari per Hari'!J11,"") -> 300 | I4: =IF('Hari per Hari'!J12>0,'Hari per Hari'!J12,"") | J4: =IF('Hari per Hari'!J13>0,'Hari per Hari'!J13,"") | K4: =IF('Hari per Hari'!J14>0,'Hari per Hari'!J14,"") | L4: =IF('Hari per Hari'!J15>0,'Hari per Hari'!J15,"") | M4: =IF('Hari per Hari'!J16>0,'Hari per Hari'!J16,"") | N4: =IF('Hari per Hari'!J17>0,'Hari per Hari'!J17,"") | O4: =IF('Hari per Hari'!J18>0,'Hari per Hari'!J18,"") | P4: =IF('Hari per Hari'!J19>0,'Hari per Hari'!J19,"") | Q4: =IF('Hari per Hari'!J20>0,'Hari per Hari'!J20,"") | R4: =IF('Hari per Hari'!J21>0,'Hari per Hari'!J21,"") | S4: =IF('Hari per Hari'!J22>0,'Hari per Hari'!J22,"") | T4: =IF('Hari per Hari'!J23>0,'Hari per Hari'!J23,"") | U4: =IF('Hari per Hari'!J24>0,'Hari per Hari'!J24,"") | V4: =IF('Hari per Hari'!J25>0,'Hari per Hari'!J25,"") | W4: =IF('Hari per Hari'!J26>0,'Hari per Hari'!J26,"") | X4: =IF('Hari per Hari'!J27>0,'Hari per Hari'!J27,"") | Y4: =IF('Hari per Hari'!J28>0,'Hari per Hari'!J28,"") | Z4: =IF('Hari per Hari'!J29>0,'Hari per Hari'!J29,"") | AA4: =IF('Hari per Hari'!J30>0,'Hari per Hari'!J30,"") | AB4: =IF('Hari per Hari'!J31>0,'Hari per Hari'!J31,"") | AC4: =IF('Hari per Hari'!J32>0,'Hari per Hari'!J32,"") | AD4: =IF('Hari per Hari'!J33>0,'Hari per Hari'!J33,"") | AE4: =IF('Hari per Hari'!J34>0,'Hari per Hari'!J34,"") | AF4: =IF('Hari per Hari'!J35>0,'Hari per Hari'!J35,"") | AG4: =IF('Hari per Hari'!J36>0,'Hari per Hari'!J36,"") | AH4: =IF('Hari per Hari'!J37>0,'Hari per Hari'!J37,"") | AI4: =IF('Hari per Hari'!J38>0,'Hari per Hari'!J38,"") | AJ4: =IF('Hari per Hari'!J39>0,'Hari per Hari'!J39,"") | AK4: =IF('Hari per Hari'!J40>0,'Hari per Hari'!J40,"") | AL4: =IF('Hari per Hari'!J41>0,'Hari per Hari'!J41,"") | AM4: =IF('Hari per Hari'!J42>0,'Hari per Hari'!J42,"") | AN4: =IF('Hari per Hari'!J43>0,'Hari per Hari'!J43,"") | AO4: =IF('Hari per Hari'!J44>0,'Hari per Hari'!J44,"")
A5: Handle (pcs) | B5: =IF('Hari per Hari'!K5>0,'Hari per Hari'!K5,"") -> 1200 | C5: =IF('Hari per Hari'!K6>0,'Hari per Hari'!K6,"") -> 1200 | D5: =IF('Hari per Hari'!K7>0,'Hari per Hari'!K7,"") -> 1200 | E5: =IF('Hari per Hari'!K8>0,'Hari per Hari'!K8,"") -> 1200 | F5: =IF('Hari per Hari'!K9>0,'Hari per Hari'!K9,"") -> 1200 | G5: =IF('Hari per Hari'!K10>0,'Hari per Hari'!K10,"") -> 1200 | H5: =IF('Hari per Hari'!K11>0,'Hari per Hari'!K11,"") -> 1200 | I5: =IF('Hari per Hari'!K12>0,'Hari per Hari'!K12,"") -> 1200 | J5: =IF('Hari per Hari'!K13>0,'Hari per Hari'!K13,"") -> 1200 | K5: =IF('Hari per Hari'!K14>0,'Hari per Hari'!K14,"") -> 1200 | L5: =IF('Hari per Hari'!K15>0,'Hari per Hari'!K15,"") | M5: =IF('Hari per Hari'!K16>0,'Hari per Hari'!K16,"") | N5: =IF('Hari per Hari'!K17>0,'Hari per Hari'!K17,"") | O5: =IF('Hari per Hari'!K18>0,'Hari per Hari'!K18,"") | P5: =IF('Hari per Hari'!K19>0,'Hari per Hari'!K19,"") | Q5: =IF('Hari per Hari'!K20>0,'Hari per Hari'!K20,"") | R5: =IF('Hari per Hari'!K21>0,'Hari per Hari'!K21,"") | S5: =IF('Hari per Hari'!K22>0,'Hari per Hari'!K22,"") | T5: =IF('Hari per Hari'!K23>0,'Hari per Hari'!K23,"") | U5: =IF('Hari per Hari'!K24>0,'Hari per Hari'!K24,"") | V5: =IF('Hari per Hari'!K25>0,'Hari per Hari'!K25,"") | W5: =IF('Hari per Hari'!K26>0,'Hari per Hari'!K26,"") | X5: =IF('Hari per Hari'!K27>0,'Hari per Hari'!K27,"") | Y5: =IF('Hari per Hari'!K28>0,'Hari per Hari'!K28,"") | Z5: =IF('Hari per Hari'!K29>0,'Hari per Hari'!K29,"") | AA5: =IF('Hari per Hari'!K30>0,'Hari per Hari'!K30,"") | AB5: =IF('Hari per Hari'!K31>0,'Hari per Hari'!K31,"") | AC5: =IF('Hari per Hari'!K32>0,'Hari per Hari'!K32,"") | AD5: =IF('Hari per Hari'!K33>0,'Hari per Hari'!K33,"") | AE5: =IF('Hari per Hari'!K34>0,'Hari per Hari'!K34,"") | AF5: =IF('Hari per Hari'!K35>0,'Hari per Hari'!K35,"") | AG5: =IF('Hari per Hari'!K36>0,'Hari per Hari'!K36,"") | AH5: =IF('Hari per Hari'!K37>0,'Hari per Hari'!K37,"") | AI5: =IF('Hari per Hari'!K38>0,'Hari per Hari'!K38,"") | AJ5: =IF('Hari per Hari'!K39>0,'Hari per Hari'!K39,"") | AK5: =IF('Hari per Hari'!K40>0,'Hari per Hari'!K40,"") | AL5: =IF('Hari per Hari'!K41>0,'Hari per Hari'!K41,"") | AM5: =IF('Hari per Hari'!K42>0,'Hari per Hari'!K42,"") | AN5: =IF('Hari per Hari'!K43>0,'Hari per Hari'!K43,"") | AO5: =IF('Hari per Hari'!K44>0,'Hari per Hari'!K44,"")
A6: Coating (pcs) | B6: =IF('Hari per Hari'!G5>0,'Hari per Hari'!G5,"") -> 780 | C6: =IF('Hari per Hari'!G6>0,'Hari per Hari'!G6,"") -> 780 | D6: =IF('Hari per Hari'!G7>0,'Hari per Hari'!G7,"") -> 780 | E6: =IF('Hari per Hari'!G8>0,'Hari per Hari'!G8,"") -> 780 | F6: =IF('Hari per Hari'!G9>0,'Hari per Hari'!G9,"") -> 780 | G6: =IF('Hari per Hari'!G10>0,'Hari per Hari'!G10,"") -> 780 | H6: =IF('Hari per Hari'!G11>0,'Hari per Hari'!G11,"") -> 780 | I6: =IF('Hari per Hari'!G12>0,'Hari per Hari'!G12,"") -> 780 | J6: =IF('Hari per Hari'!G13>0,'Hari per Hari'!G13,"") -> 780 | K6: =IF('Hari per Hari'!G14>0,'Hari per Hari'!G14,"") -> 780 | L6: =IF('Hari per Hari'!G15>0,'Hari per Hari'!G15,"") -> 780 | M6: =IF('Hari per Hari'!G16>0,'Hari per Hari'!G16,"") -> 780 | N6: =IF('Hari per Hari'!G17>0,'Hari per Hari'!G17,"") -> 780 | O6: =IF('Hari per Hari'!G18>0,'Hari per Hari'!G18,"") -> 780 | P6: =IF('Hari per Hari'!G19>0,'Hari per Hari'!G19,"") -> 780 | Q6: =IF('Hari per Hari'!G20>0,'Hari per Hari'!G20,"") -> 300 | R6: =IF('Hari per Hari'!G21>0,'Hari per Hari'!G21,"") | S6: =IF('Hari per Hari'!G22>0,'Hari per Hari'!G22,"") | T6: =IF('Hari per Hari'!G23>0,'Hari per Hari'!G23,"") | U6: =IF('Hari per Hari'!G24>0,'Hari per Hari'!G24,"") | V6: =IF('Hari per Hari'!G25>0,'Hari per Hari'!G25,"") | W6: =IF('Hari per Hari'!G26>0,'Hari per Hari'!G26,"") | X6: =IF('Hari per Hari'!G27>0,'Hari per Hari'!G27,"") | Y6: =IF('Hari per Hari'!G28>0,'Hari per Hari'!G28,"") | Z6: =IF('Hari per Hari'!G29>0,'Hari per Hari'!G29,"") | AA6: =IF('Hari per Hari'!G30>0,'Hari per Hari'!G30,"") | AB6: =IF('Hari per Hari'!G31>0,'Hari per Hari'!G31,"") | AC6: =IF('Hari per Hari'!G32>0,'Hari per Hari'!G32,"") | AD6: =IF('Hari per Hari'!G33>0,'Hari per Hari'!G33,"") | AE6: =IF('Hari per Hari'!G34>0,'Hari per Hari'!G34,"") | AF6: =IF('Hari per Hari'!G35>0,'Hari per Hari'!G35,"") | AG6: =IF('Hari per Hari'!G36>0,'Hari per Hari'!G36,"") | AH6: =IF('Hari per Hari'!G37>0,'Hari per Hari'!G37,"") | AI6: =IF('Hari per Hari'!G38>0,'Hari per Hari'!G38,"") | AJ6: =IF('Hari per Hari'!G39>0,'Hari per Hari'!G39,"") | AK6: =IF('Hari per Hari'!G40>0,'Hari per Hari'!G40,"") | AL6: =IF('Hari per Hari'!G41>0,'Hari per Hari'!G41,"") | AM6: =IF('Hari per Hari'!G42>0,'Hari per Hari'!G42,"") | AN6: =IF('Hari per Hari'!G43>0,'Hari per Hari'!G43,"") | AO6: =IF('Hari per Hari'!G44>0,'Hari per Hari'!G44,"")
A7: Rakit + kemas (dz) | B7: =IF('Hari per Hari'!I5>0,'Hari per Hari'!I5,"") | C7: =IF('Hari per Hari'!I6>0,'Hari per Hari'!I6,"") -> 65 | D7: =IF('Hari per Hari'!I7>0,'Hari per Hari'!I7,"") -> 65 | E7: =IF('Hari per Hari'!I8>0,'Hari per Hari'!I8,"") -> 65 | F7: =IF('Hari per Hari'!I9>0,'Hari per Hari'!I9,"") -> 65 | G7: =IF('Hari per Hari'!I10>0,'Hari per Hari'!I10,"") -> 65 | H7: =IF('Hari per Hari'!I11>0,'Hari per Hari'!I11,"") -> 65 | I7: =IF('Hari per Hari'!I12>0,'Hari per Hari'!I12,"") -> 65 | J7: =IF('Hari per Hari'!I13>0,'Hari per Hari'!I13,"") -> 65 | K7: =IF('Hari per Hari'!I14>0,'Hari per Hari'!I14,"") -> 65 | L7: =IF('Hari per Hari'!I15>0,'Hari per Hari'!I15,"") -> 65 | M7: =IF('Hari per Hari'!I16>0,'Hari per Hari'!I16,"") -> 65 | N7: =IF('Hari per Hari'!I17>0,'Hari per Hari'!I17,"") -> 65 | O7: =IF('Hari per Hari'!I18>0,'Hari per Hari'!I18,"") -> 65 | P7: =IF('Hari per Hari'!I19>0,'Hari per Hari'!I19,"") -> 65 | Q7: =IF('Hari per Hari'!I20>0,'Hari per Hari'!I20,"") -> 65 | R7: =IF('Hari per Hari'!I21>0,'Hari per Hari'!I21,"") -> 25 | S7: =IF('Hari per Hari'!I22>0,'Hari per Hari'!I22,"") | T7: =IF('Hari per Hari'!I23>0,'Hari per Hari'!I23,"") | U7: =IF('Hari per Hari'!I24>0,'Hari per Hari'!I24,"") | V7: =IF('Hari per Hari'!I25>0,'Hari per Hari'!I25,"") | W7: =IF('Hari per Hari'!I26>0,'Hari per Hari'!I26,"") | X7: =IF('Hari per Hari'!I27>0,'Hari per Hari'!I27,"") | Y7: =IF('Hari per Hari'!I28>0,'Hari per Hari'!I28,"") | Z7: =IF('Hari per Hari'!I29>0,'Hari per Hari'!I29,"") | AA7: =IF('Hari per Hari'!I30>0,'Hari per Hari'!I30,"") | AB7: =IF('Hari per Hari'!I31>0,'Hari per Hari'!I31,"") | AC7: =IF('Hari per Hari'!I32>0,'Hari per Hari'!I32,"") | AD7: =IF('Hari per Hari'!I33>0,'Hari per Hari'!I33,"") | AE7: =IF('Hari per Hari'!I34>0,'Hari per Hari'!I34,"") | AF7: =IF('Hari per Hari'!I35>0,'Hari per Hari'!I35,"") | AG7: =IF('Hari per Hari'!I36>0,'Hari per Hari'!I36,"") | AH7: =IF('Hari per Hari'!I37>0,'Hari per Hari'!I37,"") | AI7: =IF('Hari per Hari'!I38>0,'Hari per Hari'!I38,"") | AJ7: =IF('Hari per Hari'!I39>0,'Hari per Hari'!I39,"") | AK7: =IF('Hari per Hari'!I40>0,'Hari per Hari'!I40,"") | AL7: =IF('Hari per Hari'!I41>0,'Hari per Hari'!I41,"") | AM7: =IF('Hari per Hari'!I42>0,'Hari per Hari'!I42,"") | AN7: =IF('Hari per Hari'!I43>0,'Hari per Hari'!I43,"") | AO7: =IF('Hari per Hari'!I44>0,'Hari per Hari'!I44,"")
